timestamp,flight_id,aircraft,flight_mode,battery_voltage_v,battery_current_a,battery_cell_delta_v,motor1_output_pct,motor1_temp_c,esc1_temp_c,gps_satellites,gps_hdop,imu_accel_rms_g,ekf_pos_innovation_m,altitude_m,velocity_mps,roll_deg,pitch_deg,yaw_deg,rc_link_quality_pct,failsafe,ambient_temp_c,mission_waypoint
2026-08-25T10:00:00Z,FL-SAMPLE-001,DJI M350 RTK,ARMED,50.2,2.1,0.012,0,31,29,18,0.7,0.04,0.08,0.0,0.0,0.0,0.0,90.0,99,false,24,0
2026-08-25T10:00:05Z,FL-SAMPLE-001,DJI M350 RTK,TAKEOFF,49.8,18.4,0.018,42,38,35,18,0.7,0.08,0.11,12.4,4.8,1.2,2.5,91.0,98,false,24,1
2026-08-25T10:00:10Z,FL-SAMPLE-001,DJI M350 RTK,CLIMB,49.6,24.7,0.021,58,44,40,17,0.8,0.12,0.14,28.1,5.2,0.8,3.1,92.0,97,false,24,2
2026-08-25T10:00:15Z,FL-SAMPLE-001,DJI M350 RTK,CRUISE,49.4,16.2,0.024,63,51,46,17,0.8,0.11,0.12,31.0,8.6,0.4,0.7,93.0,96,false,25,3
2026-08-25T10:00:20Z,FL-SAMPLE-001,DJI M350 RTK,CRUISE,49.2,17.1,0.029,67,58,51,16,0.9,0.13,0.18,31.4,8.8,0.6,0.9,94.0,94,false,25,3
2026-08-25T10:00:25Z,FL-SAMPLE-001,DJI M350 RTK,CRUISE,48.9,19.8,0.041,82,72,61,15,1.1,0.19,0.31,31.8,9.2,0.9,1.2,95.0,91,false,26,4
2026-08-25T10:00:30Z,FL-SAMPLE-001,DJI M350 RTK,CRUISE,48.7,21.4,0.058,86,78,67,12,1.8,0.31,0.62,32.0,9.0,1.4,1.4,96.0,84,false,26,4
2026-08-25T10:00:35Z,FL-SAMPLE-001,DJI M350 RTK,RETURN,48.6,20.1,0.049,74,74,63,9,2.8,0.27,0.51,30.5,7.2,1.0,0.8,96.5,72,true,26,5
2026-08-25T10:00:40Z,FL-SAMPLE-001,DJI M350 RTK,RETURN,48.4,18.0,0.038,61,68,58,14,1.4,0.16,0.24,24.0,6.1,0.5,0.3,97.0,88,false,25,5
2026-08-25T10:00:45Z,FL-SAMPLE-001,DJI M350 RTK,LAND,48.2,12.2,0.031,39,61,51,16,0.9,0.09,0.15,8.2,2.3,0.2,0.1,97.5,96,false,25,6
2026-08-25T10:00:50Z,FL-SAMPLE-001,DJI M350 RTK,DISARMED,48.0,1.4,0.028,0,48,43,16,0.9,0.05,0.09,0.1,0.0,0.0,0.0,98.0,98,false,25,6
